id,gene_symbol
158383,1700010L04Rik
46574,6330411E07Rik
106388,6330581N18Rik
106517,6430573F11Rik
87409,A2m
106850,A830049F12Rik
11134,Aanat
35601,Aatf
11138,Aatk
92603,Abat
11141,Abca2
17019,Abcc1
69666,Abhd4
11183,Abl1
85918,Abra
29936,Abt1
56084,Abtb1
11210,Ace
11212,Ache
11250,Actb
11265,Acvr1
11267,Acvr1b
92713,Acvr1c
11268,Acvr2a
11269,Acvr2b
11270,Acvrl1
11275,Adam10
11279,Adam17
11280,Adam19
129123,Adcy1
84170,Adcy2
11302,Adcy9
11303,Adcyap1
11304,Adcyap1r1
11325,Adnp
88720,Adnp2
11327,Adora2a
11338,Adra2a
11339,Adra2b
11340,Adra2c
11341,Adrb1
11356,Aebp2
14573,Aes
16536,Aff3
11391,Agrp
11393,Agt
11394,Agtr1a
86466,Ahctf1
32386,Ahi1
11409,Ahr
64352,Akna
69514,Akr1c18
11438,Akt1
43448,Akt1s1
11445,Alcam
11455,Aldh1a1
19141,Aldh1a2
36126,Aldh1a3
11456,Aldh2
84449,Aldh4a1
11469,Alk
84945,Alx1
11481,Alx3
11482,Alx4
11492,Amh
74698,Amhr2
86931,Amigo1
51564,Amotl1
11387,Angpt1
11388,Angpt2
11389,Angpt4
48554,Angptl1
26108,Angptl2
29914,Angptl3
37146,Angptl4
46567,Angptl6
161133,Angptl7
11522,Ank3
11531,Anxa11
12091,Anxa2
11533,Anxa4
106859,Apba1
11571,Apba2
11576,Apc
23558,Apc2
86431,Aph1a
83933,Aph1b
44160,Aph1c
11590,Aplp1
11602,Apod
11603,Apoe
11607,App
11616,Aqp4
11622,Ar
11625,Arc
11626,Areg
11632,Arf6
87385,Arhgap25
32146,Arhgef25
47212,Arid5b
36074,Arl10
11650,Arnt
11651,Arnt2
11652,Arntl
93055,Arntl2
11663,Artn
11664,Arvcf
11665,Arx
16941,Ascl1
16942,Ascl2
36066,Ascl3
183550,Ascl4
86417,Ascl5
11208,Asic1
11207,Asic2
11686,Astn1
35364,Astn2
11695,Atf1
11696,Atf2
11697,Atf3
11698,Atf4
71668,Atf5
86447,Atf6
12698,Atf6b
11707,Atoh1
32884,Atoh7
46934,Atoh8
11768,Atp10a
11714,Atp1a1
62830,Atp1a2
11718,Atp1b2
11766,Atp8a1
20001,Atxn1
11784,Avp
33433,Avpr1a
26109,Avpr1b
11786,Avpr2
11791,Axin1
11792,Axin2
26110,Axl
26624,B3galt2
93607,B3gat2
32943,B3gnt2
11799,Bach1
11800,Bach2
144469,Baiap3
43853,Bambi
33713,Barhl1
68547,Barhl2
11808,Barx1
11809,Barx2
50322,Batf2
46349,Bbx
11818,Bcan
12710,Bcar1
11821,Bcat1
11824,Bche
13802,Bcl11a
37240,Bcl11b
11829,Bcl2
11911,Bcl2l11
11839,Bcl6
53418,Bcl9
47299,Bcor
107311,Bcorl1
11850,Bdnf
17110,Bhlha15
107457,Bhlha9
37621,Bhlhe22
79902,Bhlhe23
20655,Bhlhe40
55198,Bhlhe41
11907,Bicd1
18223,Bloc1s6
11939,Bmp1
11940,Bmp10
11941,Bmp15
11942,Bmp2
74232,Bmp3
11945,Bmp4
11946,Bmp5
11947,Bmp6
11948,Bmp7
11949,Bmp8a
11952,Bmpr1a
11953,Bmpr1b
11954,Bmpr2
71933,Bmyc
78669,Boc
83840,Bptf
11975,Brca1
92623,Brpf3
89289,Bsx
49848,Btbd11
12008,Btc
85373,Btf3
12019,Btrc
12044,C1qa
12045,C1qb
86401,C1ql2
107334,C230009H10Rik
12053,C4b
12071,Cacna1a
12072,Cacna1b
12076,Cacna1g
37256,Cacna1h
12078,Cacna2d1
12079,Cacna2d3
80075,Cacng5
57576,Cacng7
34014,Cadm1
60961,Cadm3
107340,Cadps2
12092,Calb1
12093,Calb2
12095,Calca
78211,Calcb
12096,Calcr
12107,Camk2a
12111,Camk4
64242,Camta1
85081,Camta2
48446,Car10
12134,Car2
12135,Car3
26965,Cartpt
12152,Casp3
12181,Cbfa2t2
12190,Cbln2
35690,Cbln3
86816,Cbln4
12209,Cck
12210,Cckar
12211,Cckbr
12235,Ccng1
88069,Cd109
32917,Cd164
12269,Cd24a
12290,Cd44
16196,Cd47
12294,Cd59a
12312,Cd9
12325,Cdc42
85297,Cdca7l
12335,Cdh1
107808,Cdh10
12337,Cdh11
84832,Cdh12
12339,Cdh13
12342,Cdh17
107800,Cdh18
12343,Cdh2
23589,Cdh20
22052,Cdh23
88525,Cdh24
12345,Cdh3
12346,Cdh4
12347,Cdh5
12348,Cdh6
88823,Cdh7
12349,Cdh8
12350,Cdh9
81990,Cdhr1
47881,Cdhr5
12353,Cdk5
12354,Cdk5r1
37081,Cdon
50437,Cds1
12375,Cdx1
12376,Cdx2
12377,Cdx4
12391,Cebpa
12394,Cebpd
74949,Cebpe
12396,Cebpg
12399,Celsr1
33178,Celsr2
72096,Celsr3
12401,Cenpb
85972,Cerk
43103,Cers4
47790,Cers5
12412,Cfc1
12418,Cflar
12432,Chat
12446,Chl1
12454,Chrm1
89123,Chrm2
12456,Chrm3
12457,Chrm4
84603,Chrm5
11224,Chrna1
75055,Chrna2
74989,Chrna3
11227,Chrna4
74990,Chrna5
11229,Chrna6
11230,Chrna7
87214,Chrna9
11233,Chrnb2
72205,Chrnb3
72177,Chrnb4
33662,Chst2
84269,Churc1
47563,Cic
12488,Cit
12489,Cited1
17451,Cited2
56568,Clca3a2
12512,Clcn5
18184,Cldn11
12525,Cldn5
35923,Clec7a
12537,Clock
41788,Clstn1
40718,Clstn2
12543,Clu
12582,Cnp
12584,Cnr1
12585,Cnr2
12588,Cntn1
21128,Cntn2
18254,Cntn3
33165,Cntn6
81891,Cntnap4
26666,Cntrl
12593,Coch
12597,Col11a1
12598,Col11a2
12599,Col12a1
12600,Col13a1
12601,Col14a1
12602,Col15a1
71746,Col16a1
12605,Col18a1
12625,Col1a1
88369,Col23a1
47196,Col24a1
12607,Col2a1
12608,Col3a1
12609,Col4a1
12610,Col4a2
12613,Col4a5
12614,Col5a1
12615,Col5a2
12616,Col6a1
12620,Col8a1
12622,Col9a1
12624,Col9a3
12629,Comt
33453,Copg2
26501,Cops5
12637,Cort
47883,Cotl1
12645,Cox6a2
69759,Cphx1
87854,Cpne2
66447,Cpne7
12695,Creb1
12696,Creb3
26175,Creb3l1
83997,Creb3l2
84003,Creb3l3
54124,Creb3l4
12697,Crebbp
87640,Crebzf
12701,Crh
12704,Crhr1
12705,Crhr2
12714,Crlf1
48673,Crtac1
12734,Crx
142452,Crxos
12754,Crym
70024,Csdc2
12760,Csf1
12761,Csf1r
60339,Csnk1a1
68483,Csnk1d
27118,Csnk1e
84736,Csnk1g1
67403,Csnk1g2
12778,Csnk2a1
12783,Csnk2a2
12784,Csnk2b
12793,Cst3
12800,Ctbp2
153829,Ctcfl
12802,Ctf1
13996,Ctgf
12172,Ctnnb1
42930,Ctnnbip1
12173,Ctnnd1
86867,Ctso
36114,Ctsr
12821,Ctss
29776,Cttnbp2
12828,Cux1
12829,Cux2
20075,Cx3cl1
20078,Cxcl12
12551,Cxcr4
106413,Cxxc4
42288,Cyc1
12856,Cyp19a1
87382,Cyp26b1
35335,Cyp39a1
12903,Cyp7b1
15780,Cyr61
106849,D630021H01Rik
84026,Daam1
52282,Daam2
12911,Dab1
12914,Dach1
60489,Dach2
37599,Dact1
12946,Dbh
12947,Dbi
12950,Dbp
12952,Dbx1
85987,Dbx2
47674,Dcaf7
12956,Dcc
12959,Dcn
77609,Dcun1d1
87722,Dcun1d3
64907,Dcun1d4
52703,Dcun1d5
12973,Dcx
12975,Ddc
12978,Ddit3
49125,Ddit4l
12090,Ddr1
17981,Ddr2
12987,Ddx5
33299,Deaf1
62168,Deptor
89267,Disc1
13159,Dkk1
36090,Dkk2
30269,Dkk3
87790,Dkk4
13164,Dlg4
13165,Dlk1
13167,Dll1
13168,Dll3
33776,Dll4
13169,Dlx1
13171,Dlx2
13172,Dlx3
13173,Dlx4
13174,Dlx5
13175,Dlx6
79890,Dmbx1
88733,Dmrt3
35576,Dmrtb1
85070,Dnahc2
86552,Dner
13212,Dnmt1
13214,Dnmt3a
13215,Dnmt3b
33718,Dnmt3l
13226,Doc2b
29596,Dpf1
19471,Dpf2
41755,Dpysl5
42399,Drap1
46274,Draxin
13267,Drd1
13268,Drd2
13269,Drd3
13270,Drd4
13271,Drd5
13273,Drg1
13285,Dsc2
13286,Dsc3
77592,Dscaml1
13289,Dsg1a
86223,Dsg1b
84359,Dsg1c
13291,Dsg3
73778,Dsp
13297,Dst
14133,Dtx1
50039,Dtx2
56674,Dtx3
83873,Dtx4
35685,Dusp14
43446,Dusp6
93453,Duxbl1
13321,Dvl1
13322,Dvl2
13323,Dvl3
13334,E2f1
88998,E2f2
13336,E2f3
68559,E2f4
13338,E2f5
29986,E2f6
32159,E2f7
73120,E2f8
13369,Ebf1
13370,Ebf2
13371,Ebf3
86747,Ebf4
71687,Ece2
13377,Ecel1
13396,Ednrb
13404,Eed
85011,Efemp1
13414,Efna1
13415,Efna2
13416,Efna3
13417,Efna4
13418,Efna5
13419,Efnb1
13420,Efnb2
13421,Efnb3
13423,Egf
13427,Egfr
13431,Egr1
13432,Egr2
13433,Egr3
13439,Ehf
13487,Elf1
45099,Elf2
13488,Elf3
35781,Elf4
13489,Elf5
13490,Elk1
13491,Elk3
13492,Elk4
13574,Emx1
13575,Emx2
13576,En1
13577,En2
13578,Enah
13581,Enc1
13583,Eng
13591,Eomes
108486,Ep300
13597,Epas1
13613,Epha1
87096,Epha10
13614,Epha2
13615,Epha3
13616,Epha4
13617,Epha5
13618,Epha6
13619,Epha7
13620,Epha8
92948,Ephb1
13622,Ephb2
13623,Ephb3
13624,Ephb4
13626,Ephb6
13644,Erbb2
13645,Erbb3
13647,Erbb4
13652,Ereg
13653,Erf
13654,Erg
13759,Esr1
13760,Esr2
26127,Esrra
26128,Esrrb
26129,Esrrg
13761,Esx1
23624,Ets1
23625,Ets2
13786,Etv1
13785,Etv2
26794,Etv3
183554,Etv3l
18378,Etv4
68321,Etv5
13788,Etv6
13797,Evi5
13803,Evl
13805,Evx1
13806,Evx2
13828,Eya4
13850,Faah
120110,Fam189a2
27743,Fam3c
108911,Far2
13879,Fas
13884,Fat1
92930,Fat3
29829,Fbxw4
30242,Fbxw7
13910,Fcna
13911,Fcnb
77439,Ferd3l
92072,Fev
87970,Fez1
34002,Fezf2
13941,Fgf1
13942,Fgf10
13944,Fgf12
13946,Fgf14
13947,Fgf15
56673,Fgf16
13948,Fgf17
13949,Fgf18
13950,Fgf2
56628,Fgf20
41236,Fgf23
13951,Fgf3
13952,Fgf4
13953,Fgf5
13954,Fgf6
13955,Fgf7
13956,Fgf8
13957,Fgf9
13958,Fgfbp1
13959,Fgfr1
13960,Fgfr2
13961,Fgfr3
13963,Fgfr4
78019,Fgfrl1
87798,Fgl1
13967,Fgl2
63140,Fibcd1
13982,Figf
26656,Figla
14024,Fli1
14031,Flt1
14032,Flt3
14034,Flt4
14038,Fmo1
14042,Fmr1
14045,Fn1
106383,Fndc3a
14058,Fos
14061,Fosl2
15150,Foxa1
15151,Foxa2
15152,Foxa3
40891,Foxb1
14017,Foxb2
17069,Foxc1
14011,Foxc2
15005,Foxd1
17070,Foxd2
14997,Foxd3
14014,Foxd4
15003,Foxf1
14015,Foxf2
15004,Foxg1
13883,Foxh1
14010,Foxi1
14999,Foxj1
38070,Foxj2
87088,Foxj3
17193,Foxk1
44679,Foxk2
14018,Foxl1
14012,Foxm1
14994,Foxn1
14013,Foxn2
47216,Foxn3
78123,Foxn4
35738,Foxo1
35764,Foxo3
33892,Foxo4
72814,Foxp1
76994,Foxp2
20134,Foxp3
49964,Foxp4
14996,Foxq1
14016,Foxs1
14072,Frat1
84413,Frat2
88906,Frem2
20141,Frzb
14090,Fstl1
37655,Fxyd6
14136,Fyn
14138,Fzd1
60546,Fzd10
36541,Fzd2
14141,Fzd3
14142,Fzd4
14143,Fzd5
14144,Fzd6
14145,Fzd7
14146,Fzd8
14147,Fzd9
33684,Gabbr1
88950,Gabbr2
14166,Gabpa
14167,Gabpb1
14170,Gabra1
14171,Gabra2
14172,Gabra3
14173,Gabra4
75040,Gabra5
14175,Gabra6
14176,Gabrb1
14177,Gabrb2
14178,Gabrb3
14179,Gabrd
14180,Gabre
14181,Gabrg1
14182,Gabrg2
14183,Gabrg3
85019,Gabrp
36525,Gabrq
14184,Gabrr1
14185,Gabrr2
14191,Gad1
14193,Gad2
14195,Gal
14203,Galr1
14204,Galr2
14208,Gap43
14227,Gas1
14237,Gata2
14238,Gata3
14241,Gata6
43053,Gatad1
87820,Gatad2a
87178,Gbx1
14248,Gbx2
14302,Gcg
14304,Gch1
14307,Gcm1
72051,Gcm2
14320,Gda
14335,Gdf1
14336,Gdf10
14337,Gdf11
23639,Gdf15
11951,Gdf2
14338,Gdf3
14339,Gdf5
88938,Gdf6
88417,Gdf7
14342,Gdf9
14349,Gdnf
14356,Gfap
14361,Gfra1
14362,Gfra2
14363,Gfra3
14377,Ghrh
83947,Ghsr
14385,Gja1
14393,Gjd2
82074,Glcci1
14408,Gli1
14409,Gli2
14410,Gli3
86346,Glis3
14428,Glp1r
14430,Glra1
88304,Glra2
74461,Glra3
14433,Glra4
14434,Glrb
14436,Gls
84969,Gls2
14421,Glul
121534,Gm1441
156642,Gm6753
14472,Gnb4
14490,Gnrh1
14510,Gpc3
89374,Gpr101
31869,Gpr123
84148,Gpr139
88778,Gpr161
52047,Gpr165
87765,Gpr26
14539,Gpr37
82624,Gpr37l1
86553,Gpr55
14542,Gpr56
80092,Gpr6
14384,Gpr83
40979,Gpr88
74944,Gpr98
40898,Gprc5b
14551,Gpx1
14554,Gpx3
83373,Grhl1
90078,Grhl2
14575,Gria1
14576,Gria2
32941,Gria3
14578,Gria4
14579,Grid1
14580,Grid2
14581,Grik1
14582,Grik2
14583,Grik3
74793,Grik4
14585,Grik5
14586,Grin1
14587,Grin2a
14588,Grin2b
14589,Grin2c
14590,Grin2d
88952,Grin3a
81804,Grin3b
14548,Grk4
14592,Grm1
72230,Grm2
72231,Grm3
92621,Grm4
72233,Grm5
72234,Grm6
14599,Grm8
86272,Grp
14612,Gsc
83328,Gsc2
92892,Gsg1l
143309,Gsk3a
35917,Gsk3b
14618,Gsx1
14619,Gsx2
43996,Gtf2e2
42310,Gtf2h5
36358,Gtf2ird1
42439,Gtf3a
87736,Gtf3c1
47593,Gtf3c2
74163,Gusb
14886,Hand1
14890,Hap1
14906,Hbb-b2
14976,Hbegf
49230,Hbp1
14941,Hcn1
14947,Hcrt
87114,Hcrtr1
122371,Hcrtr2
14958,Hdac2
14960,Hdac5
14961,Hdac6
14962,Hdc
89416,Hdx
87804,Helt
14981,Hes1
14982,Hes2
14983,Hes3
14984,Hes5
35214,Hes6
58851,Hes7
14985,Hesx1
14989,Hey1
14990,Hey2
35481,Heyl
14992,Hfe
33717,Hgfac
15018,Hhex
15021,Hhip
15027,Hif1a
32897,Hif3a
74677,Hivep1
15048,Hivep2
16428,Hivep3
85119,Hlf
15059,Hlx
85487,Hmbox1
42710,Hmg20a
15128,Hmg20b
15136,Hmga1
15139,Hmga2
15064,Hmgb1
15129,Hmgb3
45159,Hmgb4
15087,Hmgn1
15106,Hmgn2
60980,Hmgn3
30371,Hmgn5
71059,Hmgxb3
46664,Hmgxb4
15146,Hmx1
15147,Hmx2
15148,Hmx3
21166,Hnf1a
21171,Hnf1b
15153,Hnf4a
29932,Hnf4g
15159,Hnrnpab
26303,Homer1
88527,Homez
50159,Hopx
15169,Hoxa1
15170,Hoxa10
15171,Hoxa11
15173,Hoxa13
15174,Hoxa2
15175,Hoxa3
15176,Hoxa4
15178,Hoxa6
15179,Hoxa7
15180,Hoxa9
15182,Hoxb1
15183,Hoxb13
68056,Hoxb2
15185,Hoxb3
15187,Hoxb4
15188,Hoxb5
15189,Hoxb6
15190,Hoxb7
15191,Hoxb8
15192,Hoxb9
84109,Hoxc10
73821,Hoxc11
15196,Hoxc12
15197,Hoxc13
15198,Hoxc4
15199,Hoxc5
15200,Hoxc6
15201,Hoxc8
15202,Hoxc9
15204,Hoxd1
15205,Hoxd10
15207,Hoxd12
15208,Hoxd13
15209,Hoxd3
15211,Hoxd4
15212,Hoxd8
15213,Hoxd9
15235,Hr
15240,Hrh1
63466,Hrh3
15258,Hsd11b1
15274,Hsf1
56658,Hspb8
15285,Hspd1
15325,Htr1a
15326,Htr1b
15327,Htr1d
15332,Htr1f
15333,Htr2a
15334,Htr2b
15335,Htr2c
15336,Htr3a
36293,Htr3b
15337,Htr4
15338,Htr5a
15339,Htr5b
15340,Htr6
15341,Htr7
15669,Icam2
15671,Icam5
15674,Id1
15675,Id2
15676,Id3
15677,Id4
15732,Ifit3
15773,Igf1
15774,Igf1r
15775,Igf2
15779,Igfbp1
15781,Igfbp2
15782,Igfbp3
15783,Igfbp4
15784,Igfbp5
15785,Igfbp6
29552,Igfbp7
86416,Igfn1
47899,Igsf5
22535,Ikzf1
42986,Ikzf5
15937,Il13ra1
15943,Il16
15950,Il1r1
15968,Il6st
16095,Inha
16096,Inhba
16097,Inhbb
16098,Inhbc
16099,Inhbe
16102,Inpp1
87845,Inpp4b
23672,Insl5
27101,Insl6
32944,Insm1
16110,Insr
23673,Insrr
16121,Invs
16135,Irf1
16136,Irf2
16143,Irs4
16144,Irx1
16145,Irx2
16146,Irx3
30400,Irx4
33643,Irx5
40980,Irx6
16165,Isl1
68525,Isl2
42150,Isoc1
47438,Isx
16173,Itga3
16174,Itga4
16182,Itgam
16183,Itgav
16185,Itgb1
16189,Itgb3
107845,Itgb8
85894,Itgbl1
16199,Itih3
16202,Itln1
143285,Itlnb
16211,Itpr1
16216,Itsn1
16222,Jag1
16223,Jag2
58180,Jam3
87350,Jazf1
57385,Jdp2
72988,Jmjd1c
16242,Jrk
16249,Jun
16251,Jund
85129,Kat7
16258,Kcna1
16263,Kcna2
16270,Kcnab1
16272,Kcnab3
62911,Kcnb2
92471,Kcnc2
16277,Kcnc3
16281,Kcnd2
42576,Kcng4
82041,Kcnh7
56676,Kcnip2
16288,Kcnj12
16295,Kcnj6
16299,Kcnk2
37365,Kcnmb4
79905,Kcnn2
75016,Kcnq3
88550,Kctd12
69605,Kctd9
51446,Kdm5b
16315,Kdr
16347,Kif5c
16363,Kit
17080,Kitl
42120,Klf15
16371,Klf2
16373,Klf4
12009,Klf5
23602,Klf6
60343,Klf7
83975,Klhl29
87181,Kmt2c
120035,Kmt2d
58251,Kremen1
48857,Kremen2
16500,L1cam
88886,L3mbtl1
16544,Lama1
16546,Lama3
16549,Lamb1
16552,Lamb3
52002,Lamp5
76980,Laptm4b
16566,Large
89294,Layn
53729,Lbh
16585,Lbx1
16586,Lbx2
84411,Lcor
16596,Ldb1
16597,Ldb2
16613,Lef1
13368,Lefty1
107137,Lefty2
16618,Lepr
44456,Letmd1
16619,Lfng
16623,Lgals1
89814,Lgi2
84562,Lgi3
18904,Lgmn
16640,Lhx1
16641,Lhx2
16642,Lhx3
16643,Lhx4
16644,Lhx5
16645,Lhx6
16646,Lhx8
16647,Lhx9
16651,Lifr
16656,Limk1
74984,Lims1
88047,Lman1l
29927,Lmcd1
73752,Lmo1
16679,Lmo2
73751,Lmo3
16681,Lmo4
87332,Lmtk2
120482,Lmtk3
74804,Lmx1a
16687,Lmx1b
129337,LOC432748
129813,LOC433228
130020,LOC433436
142666,LOC545810
143363,LOC546316
16719,Loxl1
60979,Loxl2
16726,Lpl
16740,Lrmp
16741,Lrp1
16743,Lrp5
16744,Lrp6
16745,Lrp8
82847,Lrrc4
42568,Lrrk2
16751,Lrrn3
50183,Lrrtm1
33428,Lsr
16775,Ltk
16805,Lxn
23686,Ly6h
16865,Lyl1
48426,Lypd1
16875,Lyz2
42706,Lztr1
84266,Lzts1
62728,Mael
16902,Maf
44719,Maf1
119719,Mafa
16430,Mafb
16904,Mafg
16905,Mafk
60907,Maged1
67973,Maml1
16930,Maoa
73888,Maob
17523,Map2
26157,Map3k7
26162,Mapk10
26167,Mapk8
29947,Mapk8ip3
26168,Mapk9
17529,Mapt
17125,Marcksl1
16956,Max
16957,Maz
16965,Mbp
16970,Mc3r
16971,Mc4r
141246,mCG146432
83907,Mchr1
50603,Mdga1
17216,Mdh2
37587,Med12
45633,Med6
17027,Mef2a
17028,Mef2b
17029,Mef2c
17030,Mef2d
17037,Meis1
17303,Meis2
17304,Meis3
17054,Meox1
17055,Meox2
17058,Mertk
43786,Mesdc2
17061,Mesp1
17062,Mesp2
17063,Mest
17064,Met
52134,Mfap4
17073,Mfge8
29543,Mga
92513,Mgat5b
42290,Mgst3
86214,Mib1
52421,Mib2
17087,Mid1
17111,Mitf
26962,Mixl1
84230,Mkx
21189,Mlx
83930,Mlxip
37368,Mlxipl
17163,Mmp9
17196,Mnt
15060,Mnx1
17201,Mobp
17209,Mog
17244,Mpeg1
85966,Mpped1
17448,Msc
35467,Msgn1
15011,Mst1
19645,Mst1r
17467,Mstn
17468,Msx1
17469,Msx2
17470,Msx3
78178,Mta1
23693,Mta2
78179,Mta3
50079,Mterf2
17531,Mtf1
17532,Mtf2
35996,Mtor
17965,Musk
16889,Mxd1
16891,Mxd3
16892,Mxd4
17626,Mxi1
17630,Myb
18199,Mybbp1a
17631,Mybl1
17632,Mybl2
73431,Mybpc1
17636,Myc
69854,Mycbp2
16688,Mycl
17876,Mycn
17637,Mycs
17644,Myf5
17645,Myf6
53419,Myh10
17653,Myh9
71754,Mylk
17693,Myoc
17694,Myod1
17695,Myog
17699,Myt1
17700,Myt1l
17703,Nab1
47791,Nanog
17734,Ncam1
17735,Ncam2
17741,Nck2
30368,Nckap1
17744,Ncoa1
17745,Ncoa2
17746,Ncoa3
35686,Ncoa6
19948,Ncor1
20364,Ncor2
37711,Ncstn
43046,Nde1
57675,Ndel1
44012,Ndnf
41177,Ndst4
78444,Necab2
119884,Nefh
37685,Nek7
17774,Neo1
17775,Nes
17779,Neurod1
17780,Neurod2
11709,Neurod4
11708,Neurod6
17781,Neurog1
11710,Neurog2
11711,Neurog3
17782,Nf1
92672,Nfasc
33737,Nfat5
17785,Nfatc1
17786,Nfatc2
17788,Nfatc3
49022,Nfatc4
17789,Nfe2
17790,Nfe2l1
17791,Nfe2l2
17792,Nfe2l3
17794,Nfia
17795,Nfib
17796,Nfic
17797,Nfil3
17799,Nfix
17800,Nfkb1
17802,Nfkbia
17804,Nfkbie
65148,Nfxl1
17811,Nfya
17812,Nfyb
17813,Nfyc
33266,Ngef
17816,Ngf
17820,Ngfr
17838,Nhlh1
17839,Nhlh2
60608,Nkd1
48134,Nkd2
159922,Nkx1-1
19994,Nkx1-2
21628,Nkx2-1
17855,Nkx2-2
17856,Nkx2-3
86764,Nkx2-4
17859,Nkx2-6
17861,Nkx2-9
17862,Nkx3-1
11806,Nkx3-2
17863,Nkx6-1
14688,Nkx6-2
50402,Nkx6-3
85106,Nle1
17866,Nlk
43882,Nmb
17868,Nmbr
43667,Nmral1
17878,Nnat
18058,Nobox
17886,Nodal
17888,Nog
17892,Nos1
46570,Nos1ap
17894,Nos3
17895,Notch1
17896,Notch2
17898,Notch3
17899,Notch4
17900,Nov
17909,Npas1
17910,Npas2
27131,Npas3
86310,Npas4
33906,Npff
68608,Npffr2
106174,Npsr1
37991,Npvf
73806,Npy
17933,Npy1r
17934,Npy2r
17935,Npy5r
11401,Nr0b1
23708,Nr0b2
85138,Nr1d1
110666,Nr1d2
22017,Nr1h2
22016,Nr1h3
19949,Nr1h4
120237,Nr1h5
17938,Nr1i2
12140,Nr1i3
21782,Nr2c1
21783,Nr2c2
21664,Nr2e1
23709,Nr2e3
13643,Nr2f1
11606,Nr2f2
13642,Nr2f6
14591,Nr3c1
74939,Nr3c2
15145,Nr4a1
17994,Nr4a2
17891,Nr4a3
26171,Nr5a1
26172,Nr5a2
14312,Nr6a1
106439,Nrcam
84285,Nrg1
120090,Nrg2
17950,Nrg3
58177,Nrg4
40644,Nrgn
92612,Nrip1
37806,Nrip2
54433,Nrip3
17952,Nrl
44246,Nrn1
17953,Nrp1
17954,Nrp2
17955,Nrtn
17956,Nrxn1
17960,Nsd1
17972,Ntf3
54245,Ntf5
87964,Ntm
17975,Ntn1
17976,Ntn3
37036,Ntn4
56653,Ntng1
82364,Ntng2
17978,Ntrk1
17979,Ntrk2
17980,Ntrk3
43248,Nts
17983,Ntsr1
17984,Ntsr2
32802,Nucb2
17989,Numb
17990,Numbl
68246,Nxph4
47309,Obox1
89950,Obox3
183340,Obox4
89954,Obox5
89955,Obox6
30398,Olig1
30397,Olig2
60856,Olig3
15154,Onecut1
86270,Onecut2
89612,Onecut3
18153,Oprd1
18154,Oprk1
18157,Oprm1
20172,Ostf1
58004,Otof
18187,Otp
18190,Otx1
18191,Otx2
18196,Oxt
18197,Oxtr
18205,P2rx4
18206,P2rx7
18238,Pafah1b1
18244,Pah
18245,Pak1
23603,Pappa2
60394,Pard3
30357,Park2
87243,Parm1
82039,Parvb
35501,Patz1
77498,Pawr
18269,Pax1
18270,Pax2
18271,Pax3
18272,Pax4
18273,Pax5
18274,Pax6
18275,Pax7
18276,Pax8
18277,Pax9
42766,Pbrm1
18280,Pbx1
18281,Pbx2
18282,Pbx3
56494,Pbx4
86886,Pbxip1
12960,Pcbd1
51440,Pcdh1
18292,Pcdh10
89410,Pcdh11x
32919,Pcdh12
49014,Pcdh18
93556,Pcdh19
85500,Pcdh20
12722,Pcdha7
60534,Pcdhb14
60524,Pcdhb4
60529,Pcdhb9
60376,Pcdhga12
46882,Pcgf6
26621,Pclo
18307,Pcnt
18311,Pcp2
18312,Pcp4
18315,Pcsk2
23735,Pde10a
88851,Pde11a
18339,Pde1a
18341,Pde1c
88926,Pde5a
18356,Pdgfa
18357,Pdgfb
33926,Pdgfc
47626,Pdgfd
18361,Pdgfra
18362,Pdgfrb
33425,Pdlim1
14502,Pdpn
18375,Pdx1
18376,Pdyn
43913,Pdzd2
81989,Peg10
27157,Peg12
18385,Penk
18392,Per1
18393,Per2
40691,Perp
37432,Pex5l
18433,Pgr
46645,Pgrmc2
11820,Phb2
87154,Phf13
49857,Phf19
11646,Phox2a
18698,Phox2b
18450,Phtf1
44612,Phtf2
50610,Pik3cb
18473,Pik3r1
18504,Pitx1
18505,Pitx2
18506,Pitx3
18527,Pkd1
18535,Pknox1
83924,Pknox2
43294,Pkp2
22391,Plagl1
18562,Plcb4
18563,Plcd1
18567,Plcg1
92752,Plch1
129609,Plcxd2
84601,Plekhg1
18587,Plp1
18608,Plxna1
18609,Plxna2
18610,Plxna3
89119,Plxna4
88096,Plxnb1
79944,Plxnb2
34001,Plxnc1
43627,Plxnd1
74469,Pmch
18617,Pml
86518,Pms1
18712,Pnn
17922,Pnoc
79897,Pofut1
42822,Pole4
19781,Polr1d
87230,Polr2b
89478,Polr2h
27759,Polr2m
42848,Polr3k
18739,Pomc
44115,Pomgnt1
32945,Porcn
30195,Postn
18500,Pou1f1
18748,Pou2af1
18749,Pou2f1
18750,Pou2f2
18751,Pou2f3
18754,Pou3f1
18755,Pou3f2
18756,Pou3f3
18757,Pou3f4
18759,Pou4f1
18760,Pou4f2
18761,Pou4f3
18762,Pou5f1
51348,Pou5f2
18772,Pou6f1
85303,Pou6f2
18776,Ppara
18778,Ppard
18779,Pparg
18780,Ppargc1a
43376,Ppfibp1
18812,Ppp1r1b
18818,Ppp3ca
18822,Ppp3r2
120183,Prdm12
46620,Prdm5
61045,Prg4
18511,Prkaca
18515,Prkcb
18517,Prkcd
18879,Prlr
18885,Prnp
18888,Prodh
18889,Prom1
18890,Prop1
18891,Pros1
18893,Prox1
49263,Prox2
18895,Prph
18696,Prrx1
19967,Prrx2
71913,Prrxl1
18905,Prss12
49569,Psd
18927,Psen1
18928,Psen2
42183,Psenen
18960,Pspn
18969,Ptch1
18974,Pten
18976,Ptf1a
18978,Ptgds
18988,Ptgs2
18990,Pthlh
13860,Ptk2
47302,Ptk7
19027,Ptprc
19035,Ptprk
19036,Ptpru
19046,Ptprz1
19056,Pvalb
37265,Pvrl1
19057,Pvrl2
37561,Pvrl3
47581,Pvrl4
47976,Pygo1
44753,Pygo2
85147,Pyy
74548,Qdpr
37252,Rab37
19102,Rab3a
45749,Rab3b
19116,Rac1
19117,Rac2
82061,Rac3
19140,Rai1
71908,Rapgef1
85296,Rapgef5
19164,Rara
85409,Rarb
19174,Rarg
77440,Rasa2
19180,Rasgrf1
19181,Rasgrf2
19197,Rax
19408,Rb1
19427,Rbpj
19435,Rcn1
68548,Rcor2
19460,Rela
19462,Reln
44545,Rere
19475,Rest
19476,Ret
19488,Rfx2
46978,Rfx4
33264,Rfx5
43708,Rgs10
19499,Rgs4
19507,Rheb
11635,Rhoa
121786,Rhox1
131349,Rhox10
83251,Rhox11
120612,Rhox12
37009,Rhox4b
83266,Rhox4e
18383,Rhox5
18965,Rhox6
131348,Rhox8
68549,Rhox9
19536,Rln1
84379,Rln3
11645,Rnd2
36015,Rnf14
19639,Robo1
92611,Robo2
19412,Robo3
19641,Rock2
26310,Ror1
26311,Ror2
19646,Rora
86335,Rorb
19648,Rorc
19649,Ros1
43717,Rprm
19805,Rps12
19865,Rps4x
50211,Rptor
44592,Rreb1
82848,Rspo1
88569,Rspo2
48621,Rspo3
86769,Rspo4
41603,Rtn4r
88381,Rtn4rl1
12179,Runx1
12180,Runx1t1
12178,Runx2
120252,Rxfp1
88559,Rxfp3
19944,Rxra
19945,Rxrb
19946,Rxrg
35633,Rybp
19950,Ryk
19957,S100a10
19966,S100b
13387,S1pr1
37230,Sall1
30014,Sall2
20451,Sall3
63547,Sall4
19993,Satb1
84457,Satb2
85488,Scara3
20540,Scarb1
86028,Scarf2
73391,Sccpdh
20017,Scg2
20018,Scg3
20157,Scg5
20027,Scn10a
20028,Scn1a
124782,Scn4b
20034,Scn5a
20039,Scnn1a
50458,Scpep1
20050,Sct
41281,Scube1
20052,Scx
18059,Sebox
20101,Sel1l
20108,Selplg
20109,Sema3a
20110,Sema3b
20111,Sema3c
72311,Sema3d
20112,Sema3e
20113,Sema3f
20114,Sema4a
20115,Sema4b
20116,Sema4c
20117,Sema4d
20118,Sema4f
26204,Sema4g
20119,Sema5a
20120,Sema5b
20121,Sema6a
20122,Sema6b
20123,Sema6c
84750,Sema6d
20124,Sema7a
20126,Sepp1
20476,Serpina3k
47748,Serpina9
42065,Serpinb1a
37204,Sertad2
49092,Setd7
20140,Sfrp1
20082,Sfrp2
20142,Sfrp4
33903,Sfrp5
23803,Sgcd
20156,Sgk1
84435,Sh3bgrl2
37264,Shank3
20178,Shbg
20179,Shc1
20186,Shh
20192,Shox2
20227,Sim1
20228,Sim2
89268,Sipa1l2
20233,Six1
20234,Six2
20235,Six3
20236,Six4
20237,Six5
20238,Six6
83882,Skor1
20258,Slc12a2
20264,Slc16a2
80230,Slc17a6
48802,Slc17a7
84940,Slc17a8
75031,Slc18a1
84624,Slc18a2
20270,Slc18a3
20272,Slc1a1
20273,Slc1a2
20274,Slc1a3
35249,Slc1a4
20275,Slc1a6
89066,Slc29a4
20287,Slc2a1
22105,Slc32a1
33240,Slc40a1
20299,Slc5a1
87401,Slc6a1
89107,Slc6a11
14188,Slc6a13
20300,Slc6a2
12942,Slc6a3
15342,Slc6a4
68410,Slc6a5
26686,Slc9a3r1
109037,Slc9a9
20324,Slit1
20325,Slit2
20326,Slit3
52805,Slitrk1
16895,Smad1
16896,Smad2
16897,Smad3
16898,Smad4
16899,Smad5
16900,Smad6
16901,Smad7
35279,Smad9
20348,Smarca4
36650,Smarce1
106692,Smo
40707,Smoc2
20379,Snca
20380,Sncg
27425,Snf8
20411,Sntb1
42197,Snw1
50275,Sohlh2
20174,Sorbs1
20422,Sorl1
20423,Sort1
41885,Sostdc1
88370,Sowaha
20427,Sox10
20428,Sox11
20429,Sox12
20430,Sox13
20431,Sox14
20432,Sox15
20433,Sox17
20434,Sox18
20436,Sox2
85888,Sox21
20437,Sox3
84627,Sox30
20439,Sox4
20440,Sox5
20441,Sox6
20442,Sox7
20443,Sox8
20444,Sox9
20449,Sp3
41007,Sp5
107080,Sp8
120188,Sp9
20454,Sparc
29762,Spdef
35661,Spen
20138,Spi1
93060,Spib
20490,Spic
20495,Spint2
20512,Spp1
56098,Sptbn4
54765,Srd5a1
20549,Srebf1
20550,Srebf2
20569,Srf
20579,Srpk2
21435,Sry
92739,Ss18l1
20595,Ssrp1
20366,Sst
20367,Sstr1
20368,Sstr2
20369,Sstr3
20370,Sstr4
88752,St18
40846,St7
81782,Stard5
20608,Stat1
20610,Stat3
20611,Stat4
20612,Stat5a
20613,Stat5b
78462,Steap4
107544,Strip2
20669,Stx1a
20670,Stx3
85214,Stxbp6
89116,Styk1
77466,Supt16
20686,Supt5
20725,Syn1
47844,Synpr
20740,Syt1
33817,Syt10
21094,Tac1
21095,Tac2
21097,Tacr1
21098,Tacr2
21099,Tacr3
63900,Taf13
21104,Taf6
23825,Taf7
72303,Taf9
21107,Tagln2
21110,Tal1
21111,Tal2
21136,Tbr1
21145,Tbx15
52206,Tbx18
58209,Tbx19
21146,Tbx2
36522,Tbx20
37037,Tbx21
21147,Tbx3
51711,Tcam1
43766,Tceb1
46412,Tcerg1l
21167,Tcf12
21168,Tcf15
21172,Tcf20
21173,Tcf21
45693,Tcf23
42698,Tcf25
21184,Tcf3
21174,Tcf4
21175,Tcf7
21176,Tcf7l1
21177,Tcf7l2
93209,Tcfl5
21428,Tdgf1
35999,Tdo2
21437,Tead1
21438,Tead2
21439,Tead3
21445,Tef
21447,Tek
23716,Tenm3
21511,Tert
21539,Tfam
21179,Tfap2a
21180,Tfap2b
21181,Tfap2c
86489,Tfap2d
109135,Tfap2e
57632,Tfap4
15053,Tfb2m
21183,Tfcp2
21540,Tfdp1
84320,Tfdp2
84108,Tfe3
21186,Tfeb
21187,Tfec
21561,Tgfa
21562,Tgfb1
21567,Tgfb2
21568,Tgfb3
21571,Tgfbr1
21572,Tgfbr2
21573,Tgfbr3
21574,Tgif1
86790,Tgif2
89412,Tgif2lx1
21575,Tgm1
21582,Th
21586,Thbs3
21592,Thra
21593,Thrb
21603,Tiam1
23752,Tiam2
21605,Tie1
69899,Tigd5
21644,Tle1
21646,Tle3
21647,Tle4
77337,Tle6
23839,Tlr2
21665,Tlx1
21666,Tlx2
26885,Tlx3
41954,Tmed3
87282,Tmem119
85299,Tmem196
21680,Tnc
21681,Tnnc1
21712,Tnnt1
21726,Top1
89963,Tox
92738,Tox2
89252,Tox3
92572,Tox4
21744,Tpd52l1
21747,Tph1
84950,Tph2
13213,Trdmt1
21798,Trf
21801,Trh
21802,Trhr
85202,Trib2
21607,Trim24
21608,Trim28
27849,Trim36
108948,Trim66
45557,Trip13
35684,Trip4
21816,Trp53
93222,Trp53i11
21818,Trp63
21819,Trp73
21823,Trpc4
21824,Trpc5
21825,Trpc6
58142,Trps1
83052,Trpv1
40516,Trpv4
41454,Tsc1
21841,Tsc2
21566,Tsc22d1
14381,Tsc22d3
54669,Tsc22d4
74951,Tshz1
86813,Tshz2
42968,Tspan31
49885,Ttf2
21896,Ttr
37048,Ttyh1
21909,Tubb3
44684,Tulp4
21917,Twist1
13125,Twist2
21931,Tyro3
21972,Ube3a
21190,Ubtf
144479,Ubtfl1
21983,Ucn
57672,Ucn3
71613,Unc5a
71614,Unc5b
22010,Unc5c
84240,Unc5d
22012,Uncx
22035,Usf1
22039,Usf2
22074,Vamp1
22080,Vasp
26694,Vat1
92920,Vat1l
22082,Vav2
22083,Vax1
23864,Vax2
22094,Vdr
22096,Vegfa
22097,Vegfb
22098,Vegfc
120344,Vgf
22110,Vip
22111,Vipr1
22112,Vipr2
77607,Vsx1
12462,Vsx2
85441,Wdhd1
37022,Wdr12
22150,Wfs1
49591,Whrn
71985,Whsc1
23868,Wif1
22159,Wisp1
22165,Wnt1
22166,Wnt10a
22167,Wnt10b
22168,Wnt11
60387,Wnt16
22170,Wnt2
22171,Wnt2b
22172,Wnt3
22173,Wnt3a
22174,Wnt4
22175,Wnt5a
22176,Wnt5b
22177,Wnt6
22178,Wnt7a
22179,Wnt7b
20652,Wnt8a
22180,Wnt8b
85049,Wnt9a
22169,Wnt9b
61234,Wwtr1
22190,Xbp1
82048,Xpnpep2
88024,Zbtb16
35770,Zbtb20
36084,Zbtb33
16739,Zbtb7a
22481,Zbtb7b
46387,Zdhhc2
21178,Zeb1
23887,Zeb2
88528,Zfhx2
11693,Zfhx3
56662,Zfhx4
83115,Zfp184
87008,Zfp189
37620,Zfp191
22437,Zfp207
49961,Zfp263
11978,Zfp36l1
88115,Zfp445
22461,Zfp46
88953,Zfp462
120835,Zfp488
108583,Zfp516
86218,Zfp521
88584,Zfp647
48147,Zfp777
22519,Zfpm2
22527,Zhx1
122629,Zhx2
107734,Zhx3
22528,Zic1
22529,Zic2
22530,Zic3
22531,Zic4
41618,Zic5
50411,Zkscan1
32192,Zkscan6
60333,Zkscan8
107093,Zmat4
129320,Zscan26
